mean_fit_time,std_fit_time,mean_score_time,std_score_time,param_svm__C,param_svm__class_weight,param_svm__max_iter,param_svm__tol,param_vectorizer__max_df,param_vectorizer__max_features,param_vectorizer__min_df,param_vectorizer__ngram_range,param_vectorizer__sublinear_tf,params,split0_test_score,split1_test_score,split2_test_score,mean_test_score,std_test_score,rank_test_score,split0_train_score,split1_train_score,split2_train_score,mean_train_score,std_train_score
4.141719579696655,0.04338699015848957,0.606337308883667,0.012891054443736075,0.5,,20000,0.0001,0.95,100000,2,"(1, 3)",True,"{'svm__C': 0.5, 'svm__class_weight': None, 'svm__max_iter': 20000, 'svm__tol': 0.0001, 'vectorizer__max_df': 0.95, 'vectorizer__max_features': 100000, 'vectorizer__min_df': 2, 'vectorizer__ngram_range': (1, 3), 'vectorizer__sublinear_tf': True}",0.7857895925898034,0.7873898636945553,0.7865198154946813,0.7865664239263467,0.0006541387017051295,1,0.922828552870631,0.9216518718641451,0.9227822125160027,0.9224208790835929,0.0005440992157005564
4.085603396097819,0.011514823572821062,0.6316359043121338,0.025743414693255022,0.5,,20000,0.0001,0.98,100000,2,"(1, 3)",True,"{'svm__C': 0.5, 'svm__class_weight': None, 'svm__max_iter': 20000, 'svm__tol': 0.0001, 'vectorizer__max_df': 0.98, 'vectorizer__max_features': 100000, 'vectorizer__min_df': 2, 'vectorizer__ngram_range': (1, 3), 'vectorizer__sublinear_tf': True}",0.7857895925898034,0.7873898636945553,0.7865198154946813,0.7865664239263467,0.0006541387017051295,1,0.922828552870631,0.9216518718641451,0.9227822125160027,0.9224208790835929,0.0005440992157005564
4.128696123758952,0.05621662351394528,0.6038684050242106,0.005161515797279169,0.5,,20000,0.0001,0.95,120000,2,"(1, 3)",True,"{'svm__C': 0.5, 'svm__class_weight': None, 'svm__max_iter': 20000, 'svm__tol': 0.0001, 'vectorizer__max_df': 0.95, 'vectorizer__max_features': 120000, 'vectorizer__min_df': 2, 'vectorizer__ngram_range': (1, 3), 'vectorizer__sublinear_tf': True}",0.7852247910234205,0.7876157843211086,0.7865198154946813,0.7864534636130701,0.0009772458464284096,3,0.9237322438836121,0.9227061780459564,0.9236576549438964,0.9233653589578217,0.00046710490142832606
4.162636915842692,0.032206192051961804,0.604411760965983,0.0021445245529503163,0.5,,20000,0.0001,0.98,120000,2,"(1, 3)",True,"{'svm__C': 0.5, 'svm__class_weight': None, 'svm__max_iter': 20000, 'svm__tol': 0.0001, 'vectorizer__max_df': 0.98, 'vectorizer__max_features': 120000, 'vectorizer__min_df': 2, 'vectorizer__ngram_range': (1, 3), 'vectorizer__sublinear_tf': True}",0.7852247910234205,0.7876157843211086,0.7865198154946813,0.7864534636130701,0.0009772458464284096,3,0.9237322438836121,0.9227061780459564,0.9236576549438964,0.9233653589578217,0.00046710490142832606
2.662339369455973,0.019249782480619846,0.4749520619710286,0.027007250816975595,0.5,,20000,0.0001,0.95,100000,2,"(1, 2)",True,"{'svm__C': 0.5, 'svm__class_weight': None, 'svm__max_iter': 20000, 'svm__tol': 0.0001, 'vectorizer__max_df': 0.95, 'vectorizer__max_features': 100000, 'vectorizer__min_df': 2, 'vectorizer__ngram_range': (1, 2), 'vectorizer__sublinear_tf': True}",0.7844152421116047,0.7872957301001582,0.7857290784147605,0.7858133502088411,0.0011774631103940803,5,0.9178394254031309,0.9162673795784658,0.917520144589201,0.917208983190266,0.000678453182296388
2.654974857966105,0.011413209885409585,0.4635466734568278,0.006665173675839798,0.5,,20000,0.0001,0.95,120000,2,"(1, 2)",True,"{'svm__C': 0.5, 'svm__class_weight': None, 'svm__max_iter': 20000, 'svm__tol': 0.0001, 'vectorizer__max_df': 0.95, 'vectorizer__max_features': 120000, 'vectorizer__min_df': 2, 'vectorizer__ngram_range': (1, 2), 'vectorizer__sublinear_tf': True}",0.7844152421116047,0.7872957301001582,0.7857290784147605,0.7858133502088411,0.0011774631103940803,5,0.9178394254031309,0.9162673795784658,0.917520144589201,0.917208983190266,0.000678453182296388
2.7047146956125894,0.042275045075256416,0.48602771759033203,0.011903934698007972,0.5,,20000,0.0001,0.98,100000,2,"(1, 2)",True,"{'svm__C': 0.5, 'svm__class_weight': None, 'svm__max_iter': 20000, 'svm__tol': 0.0001, 'vectorizer__max_df': 0.98, 'vectorizer__max_features': 100000, 'vectorizer__min_df': 2, 'vectorizer__ngram_range': (1, 2), 'vectorizer__sublinear_tf': True}",0.7844152421116047,0.7872957301001582,0.7857290784147605,0.7858133502088411,0.0011774631103940803,5,0.9178394254031309,0.9162673795784658,0.917520144589201,0.917208983190266,0.000678453182296388
2.681768258412679,0.038893697046624404,0.47454285621643066,0.006550709576709161,0.5,,20000,0.0001,0.98,120000,2,"(1, 2)",True,"{'svm__C': 0.5, 'svm__class_weight': None, 'svm__max_iter': 20000, 'svm__tol': 0.0001, 'vectorizer__max_df': 0.98, 'vectorizer__max_features': 120000, 'vectorizer__min_df': 2, 'vectorizer__ngram_range': (1, 2), 'vectorizer__sublinear_tf': True}",0.7844152421116047,0.7872957301001582,0.7857290784147605,0.7858133502088411,0.0011774631103940803,5,0.9178394254031309,0.9162673795784658,0.917520144589201,0.917208983190266,0.000678453182296388
4.235520203908284,0.18470969123509895,0.6284794012705485,0.045703519475667476,0.5,,20000,0.0001,0.95,80000,2,"(1, 3)",True,"{'svm__C': 0.5, 'svm__class_weight': None, 'svm__max_iter': 20000, 'svm__tol': 0.0001, 'vectorizer__max_df': 0.95, 'vectorizer__max_features': 80000, 'vectorizer__min_df': 2, 'vectorizer__ngram_range': (1, 3), 'vectorizer__sublinear_tf': True}",0.7852812711800587,0.7865991415016191,0.7854090181681258,0.7857631436166012,0.0005934358550317301,9,0.9122760776044657,0.9106381376434374,0.9118909556442503,0.9116017236307178,0.0006992630393123055
4.109111467997233,0.08216608071910618,0.6188104152679443,0.028449193780915646,0.5,,20000,0.0001,0.98,80000,2,"(1, 3)",True,"{'svm__C': 0.5, 'svm__class_weight': None, 'svm__max_iter': 20000, 'svm__tol': 0.0001, 'vectorizer__max_df': 0.98, 'vectorizer__max_features': 80000, 'vectorizer__min_df': 2, 'vectorizer__ngram_range': (1, 3), 'vectorizer__sublinear_tf': True}",0.7852812711800587,0.7865991415016191,0.7854090181681258,0.7857631436166012,0.0005934358550317301,9,0.9122760776044657,0.9106381376434374,0.9118909556442503,0.9116017236307178,0.0006992630393123055
2.616272449493408,0.034638212665903535,0.4678819179534912,0.006754412403062887,0.5,,20000,0.0001,0.95,80000,2,"(1, 2)",True,"{'svm__C': 0.5, 'svm__class_weight': None, 'svm__max_iter': 20000, 'svm__tol': 0.0001, 'vectorizer__max_df': 0.95, 'vectorizer__max_features': 80000, 'vectorizer__min_df': 2, 'vectorizer__ngram_range': (1, 2), 'vectorizer__sublinear_tf': True}",0.7831350252278033,0.786203780405151,0.7858420408547492,0.7850602821625677,0.0013693488900995783,11,0.9149777371953572,0.9134056913706922,0.9152797650425484,0.9145543978695326,0.0008215636191549253
2.6908238728841147,0.08796253422262752,0.4833611647288005,0.021160138353170044,0.5,,20000,0.0001,0.98,80000,2,"(1, 2)",True,"{'svm__C': 0.5, 'svm__class_weight': None, 'svm__max_iter': 20000, 'svm__tol': 0.0001, 'vectorizer__max_df': 0.98, 'vectorizer__max_features': 80000, 'vectorizer__min_df': 2, 'vectorizer__ngram_range': (1, 2), 'vectorizer__sublinear_tf': True}",0.7831350252278033,0.786203780405151,0.7858420408547492,0.7850602821625677,0.0013693488900995783,11,0.9149777371953572,0.9134056913706922,0.9152797650425484,0.9145543978695326,0.0008215636191549253
3.93560258547465,0.010064880895258595,0.5917378266652426,0.02383369457468764,0.5,,20000,0.0001,0.95,80000,3,"(1, 3)",True,"{'svm__C': 0.5, 'svm__class_weight': None, 'svm__max_iter': 20000, 'svm__tol': 0.0001, 'vectorizer__max_df': 0.95, 'vectorizer__max_features': 80000, 'vectorizer__min_df': 3, 'vectorizer__ngram_range': (1, 3), 'vectorizer__sublinear_tf': True}",0.784076361171775,0.7858837261842007,0.7851454391414855,0.7850351754991537,0.0007419616455272543,13,0.8939104404552344,0.8925172501435551,0.8930548234053769,0.8931608380013888,0.000573686402177431
3.940899213155111,0.036126812757641485,0.6030207475026449,0.021352300714353827,0.5,,20000,0.0001,0.95,100000,3,"(1, 3)",True,"{'svm__C': 0.5, 'svm__class_weight': None, 'svm__max_iter': 20000, 'svm__tol': 0.0001, 'vectorizer__max_df': 0.95, 'vectorizer__max_features': 100000, 'vectorizer__min_df': 3, 'vectorizer__ngram_range': (1, 3), 'vectorizer__sublinear_tf': True}",0.784076361171775,0.7858837261842007,0.7851454391414855,0.7850351754991537,0.0007419616455272543,13,0.8939104404552344,0.8925172501435551,0.8930548234053769,0.8931608380013888,0.000573686402177431
3.921041250228882,0.01664663059396485,0.6146586736043295,0.030725286775506983,0.5,,20000,0.0001,0.95,120000,3,"(1, 3)",True,"{'svm__C': 0.5, 'svm__class_weight': None, 'svm__max_iter': 20000, 'svm__tol': 0.0001, 'vectorizer__max_df': 0.95, 'vectorizer__max_features': 120000, 'vectorizer__min_df': 3, 'vectorizer__ngram_range': (1, 3), 'vectorizer__sublinear_tf': True}",0.784076361171775,0.7858837261842007,0.7851454391414855,0.7850351754991537,0.0007419616455272543,13,0.8939104404552344,0.8925172501435551,0.8930548234053769,0.8931608380013888,0.000573686402177431
3.9930156071980796,0.05592070345282489,0.596881628036499,0.011337787936076302,0.5,,20000,0.0001,0.98,80000,3,"(1, 3)",True,"{'svm__C': 0.5, 'svm__class_weight': None, 'svm__max_iter': 20000, 'svm__tol': 0.0001, 'vectorizer__max_df': 0.98, 'vectorizer__max_features': 80000, 'vectorizer__min_df': 3, 'vectorizer__ngram_range': (1, 3), 'vectorizer__sublinear_tf': True}",0.784076361171775,0.7858837261842007,0.7851454391414855,0.7850351754991537,0.0007419616455272543,13,0.8939104404552344,0.8925172501435551,0.8930548234053769,0.8931608380013888,0.000573686402177431
3.908689578374227,0.023186353240358455,0.6111258665720621,0.019769941093160704,0.5,,20000,0.0001,0.98,100000,3,"(1, 3)",True,"{'svm__C': 0.5, 'svm__class_weight': None, 'svm__max_iter': 20000, 'svm__tol': 0.0001, 'vectorizer__max_df': 0.98, 'vectorizer__max_features': 100000, 'vectorizer__min_df': 3, 'vectorizer__ngram_range': (1, 3), 'vectorizer__sublinear_tf': True}",0.784076361171775,0.7858837261842007,0.7851454391414855,0.7850351754991537,0.0007419616455272543,13,0.8939104404552344,0.8925172501435551,0.8930548234053769,0.8931608380013888,0.000573686402177431
3.972372849782308,0.019468225011127806,0.6182796160380045,0.031437680324186944,0.5,,20000,0.0001,0.98,120000,3,"(1, 3)",True,"{'svm__C': 0.5, 'svm__class_weight': None, 'svm__max_iter': 20000, 'svm__tol': 0.0001, 'vectorizer__max_df': 0.98, 'vectorizer__max_features': 120000, 'vectorizer__min_df': 3, 'vectorizer__ngram_range': (1, 3), 'vectorizer__sublinear_tf': True}",0.784076361171775,0.7858837261842007,0.7851454391414855,0.7850351754991537,0.0007419616455272543,13,0.8939104404552344,0.8925172501435551,0.8930548234053769,0.8931608380013888,0.000573686402177431
2.515591541926066,0.10239404938486711,0.4506339232126872,0.017688323125903332,0.5,,20000,0.0001,0.95,80000,3,"(1, 2)",True,"{'svm__C': 0.5, 'svm__class_weight': None, 'svm__max_iter': 20000, 'svm__tol': 0.0001, 'vectorizer__max_df': 0.95, 'vectorizer__max_features': 80000, 'vectorizer__min_df': 3, 'vectorizer__ngram_range': (1, 2), 'vectorizer__sublinear_tf': True}",0.7830408916334062,0.785770765870924,0.7852584015814742,0.7846900196952681,0.0011847212934107435,19,0.8900697536500645,0.8879517278383899,0.8894024399427668,0.8891413071437403,0.0008841761094470592
2.4291628996531167,0.040508132712830845,0.4541417757670085,0.010228701842879958,0.5,,20000,0.0001,0.95,100000,3,"(1, 2)",True,"{'svm__C': 0.5, 'svm__class_weight': None, 'svm__max_iter': 20000, 'svm__tol': 0.0001, 'vectorizer__max_df': 0.95, 'vectorizer__max_features': 100000, 'vectorizer__min_df': 3, 'vectorizer__ngram_range': (1, 2), 'vectorizer__sublinear_tf': True}",0.7830408916334062,0.785770765870924,0.7852584015814742,0.7846900196952681,0.0011847212934107435,19,0.8900697536500645,0.8879517278383899,0.8894024399427668,0.8891413071437403,0.0008841761094470592
2.434063196182251,0.037302553263310376,0.4523380597432454,0.0013596306260496966,0.5,,20000,0.0001,0.95,120000,3,"(1, 2)",True,"{'svm__C': 0.5, 'svm__class_weight': None, 'svm__max_iter': 20000, 'svm__tol': 0.0001, 'vectorizer__max_df': 0.95, 'vectorizer__max_features': 120000, 'vectorizer__min_df': 3, 'vectorizer__ngram_range': (1, 2), 'vectorizer__sublinear_tf': True}",0.7830408916334062,0.785770765870924,0.7852584015814742,0.7846900196952681,0.0011847212934107435,19,0.8900697536500645,0.8879517278383899,0.8894024399427668,0.8891413071437403,0.0008841761094470592
2.4837466875712075,0.08790320745526783,0.47106043497721356,0.012214127458508637,0.5,,20000,0.0001,0.98,80000,3,"(1, 2)",True,"{'svm__C': 0.5, 'svm__class_weight': None, 'svm__max_iter': 20000, 'svm__tol': 0.0001, 'vectorizer__max_df': 0.98, 'vectorizer__max_features': 80000, 'vectorizer__min_df': 3, 'vectorizer__ngram_range': (1, 2), 'vectorizer__sublinear_tf': True}",0.7830408916334062,0.785770765870924,0.7852584015814742,0.7846900196952681,0.0011847212934107435,19,0.8900697536500645,0.8879517278383899,0.8894024399427668,0.8891413071437403,0.0008841761094470592
2.4417262077331543,0.06143610384450104,0.46180375417073566,0.01081771861020522,0.5,,20000,0.0001,0.98,100000,3,"(1, 2)",True,"{'svm__C': 0.5, 'svm__class_weight': None, 'svm__max_iter': 20000, 'svm__tol': 0.0001, 'vectorizer__max_df': 0.98, 'vectorizer__max_features': 100000, 'vectorizer__min_df': 3, 'vectorizer__ngram_range': (1, 2), 'vectorizer__sublinear_tf': True}",0.7830408916334062,0.785770765870924,0.7852584015814742,0.7846900196952681,0.0011847212934107435,19,0.8900697536500645,0.8879517278383899,0.8894024399427668,0.8891413071437403,0.0008841761094470592
2.46160880724589,0.036672479582734216,0.4579981168111165,0.005581953231314058,0.5,,20000,0.0001,0.98,120000,3,"(1, 2)",True,"{'svm__C': 0.5, 'svm__class_weight': None, 'svm__max_iter': 20000, 'svm__tol': 0.0001, 'vectorizer__max_df': 0.98, 'vectorizer__max_features': 120000, 'vectorizer__min_df': 3, 'vectorizer__ngram_range': (1, 2), 'vectorizer__sublinear_tf': True}",0.7830408916334062,0.785770765870924,0.7852584015814742,0.7846900196952681,0.0011847212934107435,19,0.8900697536500645,0.8879517278383899,0.8894024399427668,0.8891413071437403,0.0008841761094470592
4.31364909807841,0.06783248808682595,0.6147600809733073,0.025261108019678468,1.0,,20000,0.0001,0.95,80000,2,"(1, 3)",True,"{'svm__C': 1.0, 'svm__class_weight': None, 'svm__max_iter': 20000, 'svm__tol': 0.0001, 'vectorizer__max_df': 0.95, 'vectorizer__max_features': 80000, 'vectorizer__min_df': 2, 'vectorizer__ngram_range': (1, 3), 'vectorizer__sublinear_tf': True}",0.7786919195722569,0.7790684539498456,0.7780476324955286,0.7786026686725437,0.0004215000219242399,25,0.9361956491043104,0.9342847191497774,0.9357161683861737,0.9353988455467538,0.0008117609094209897
4.348939498265584,0.052491315644653744,0.6216689745585123,0.026622649625396205,1.0,,20000,0.0001,0.98,80000,2,"(1, 3)",True,"{'svm__C': 1.0, 'svm__class_weight': None, 'svm__max_iter': 20000, 'svm__tol': 0.0001, 'vectorizer__max_df': 0.98, 'vectorizer__max_features': 80000, 'vectorizer__min_df': 2, 'vectorizer__ngram_range': (1, 3), 'vectorizer__sublinear_tf': True}",0.7786919195722569,0.7790684539498456,0.7780476324955286,0.7786026686725437,0.0004215000219242399,25,0.9361956491043104,0.9342847191497774,0.9357161683861737,0.9353988455467538,0.0008117609094209897
4.458970864613851,0.1872187751202324,0.6319998900095621,0.023829152341234165,1.0,,20000,0.0001,0.95,120000,2,"(1, 3)",True,"{'svm__C': 1.0, 'svm__class_weight': None, 'svm__max_iter': 20000, 'svm__tol': 0.0001, 'vectorizer__max_df': 0.95, 'vectorizer__max_features': 120000, 'vectorizer__min_df': 2, 'vectorizer__ngram_range': (1, 3), 'vectorizer__sublinear_tf': True}",0.7779388508170796,0.7793132012952783,0.7781417678621858,0.7784646066581812,0.0006057383788298121,27,0.9506170515198011,0.9488379098379945,0.9495067399653588,0.9496539004410515,0.00073374765652776
4.48239795366923,0.13238939819640083,0.6264346440633138,0.017297838948200344,1.0,,20000,0.0001,0.98,120000,2,"(1, 3)",True,"{'svm__C': 1.0, 'svm__class_weight': None, 'svm__max_iter': 20000, 'svm__tol': 0.0001, 'vectorizer__max_df': 0.98, 'vectorizer__max_features': 120000, 'vectorizer__min_df': 2, 'vectorizer__ngram_range': (1, 3), 'vectorizer__sublinear_tf': True}",0.7779388508170796,0.7793132012952783,0.7781417678621858,0.7784646066581812,0.0006057383788298121,27,0.9506170515198011,0.9488379098379945,0.9495067399653588,0.9496539004410515,0.00073374765652776
4.531457503636678,0.1365735054989178,0.6372709274291992,0.030500013941403177,1.0,,20000,0.0001,0.95,100000,2,"(1, 3)",True,"{'svm__C': 1.0, 'svm__class_weight': None, 'svm__max_iter': 20000, 'svm__tol': 0.0001, 'vectorizer__max_df': 0.95, 'vectorizer__max_features': 100000, 'vectorizer__min_df': 2, 'vectorizer__ngram_range': (1, 3), 'vectorizer__sublinear_tf': True}",0.777957677535959,0.7790308005120867,0.7783112115221689,0.7784332298567381,0.0004465158346961562,29,0.949223861208122,0.9476894691756643,0.9483959635514723,0.9484364313117529,0.0006270661618649021
4.59934401512146,0.18612842183563394,0.6431739330291748,0.03604103346746065,1.0,,20000,0.0001,0.98,100000,2,"(1, 3)",True,"{'svm__C': 1.0, 'svm__class_weight': None, 'svm__max_iter': 20000, 'svm__tol': 0.0001, 'vectorizer__max_df': 0.98, 'vectorizer__max_features': 100000, 'vectorizer__min_df': 2, 'vectorizer__ngram_range': (1, 3), 'vectorizer__sublinear_tf': True}",0.777957677535959,0.7790308005120867,0.7783112115221689,0.7784332298567381,0.0004465158346961562,29,0.949223861208122,0.9476894691756643,0.9483959635514723,0.9484364313117529,0.0006270661618649021
2.9180405934651694,0.05156108594461333,0.49204158782958984,0.02522809472586133,1.0,,20000,0.0001,0.95,100000,2,"(1, 2)",True,"{'svm__C': 1.0, 'svm__class_weight': None, 'svm__max_iter': 20000, 'svm__tol': 0.0001, 'vectorizer__max_df': 0.95, 'vectorizer__max_features': 100000, 'vectorizer__min_df': 2, 'vectorizer__ngram_range': (1, 2), 'vectorizer__sublinear_tf': True}",0.7764891934633632,0.7790684539498456,0.7777840534688882,0.7777805669606991,0.001052981570299895,31,0.9434063503120558,0.9415895548380416,0.9427008810904436,0.9425655954135137,0.0007478471810855298
2.9256158669789634,0.12482581386554052,0.48919010162353516,0.007851959099227247,1.0,,20000,0.0001,0.95,120000,2,"(1, 2)",True,"{'svm__C': 1.0, 'svm__class_weight': None, 'svm__max_iter': 20000, 'svm__tol': 0.0001, 'vectorizer__max_df': 0.95, 'vectorizer__max_features': 120000, 'vectorizer__min_df': 2, 'vectorizer__ngram_range': (1, 2), 'vectorizer__sublinear_tf': True}",0.7764891934633632,0.7790684539498456,0.7777840534688882,0.7777805669606991,0.001052981570299895,31,0.9434063503120558,0.9415895548380416,0.9427008810904436,0.9425655954135137,0.0007478471810855298
2.893726030985514,0.0818620709395086,0.5078559716542562,0.028296013306071777,1.0,,20000,0.0001,0.98,100000,2,"(1, 2)",True,"{'svm__C': 1.0, 'svm__class_weight': None, 'svm__max_iter': 20000, 'svm__tol': 0.0001, 'vectorizer__max_df': 0.98, 'vectorizer__max_features': 100000, 'vectorizer__min_df': 2, 'vectorizer__ngram_range': (1, 2), 'vectorizer__sublinear_tf': True}",0.7764891934633632,0.7790684539498456,0.7777840534688882,0.7777805669606991,0.001052981570299895,31,0.9434063503120558,0.9415895548380416,0.9427008810904436,0.9425655954135137,0.0007478471810855298
2.976076285044352,0.06618844531187515,0.49489887555440265,0.01474968032700535,1.0,,20000,0.0001,0.98,120000,2,"(1, 2)",True,"{'svm__C': 1.0, 'svm__class_weight': None, 'svm__max_iter': 20000, 'svm__tol': 0.0001, 'vectorizer__max_df': 0.98, 'vectorizer__max_features': 120000, 'vectorizer__min_df': 2, 'vectorizer__ngram_range': (1, 2), 'vectorizer__sublinear_tf': True}",0.7764891934633632,0.7790684539498456,0.7777840534688882,0.7777805669606991,0.001052981570299895,31,0.9434063503120558,0.9415895548380416,0.9427008810904436,0.9425655954135137,0.0007478471810855298
2.6271821657816568,0.041029216464654024,0.47470545768737793,0.014552515023697357,1.0,,20000,0.0001,0.95,80000,3,"(1, 2)",True,"{'svm__C': 1.0, 'svm__class_weight': None, 'svm__max_iter': 20000, 'svm__tol': 0.0001, 'vectorizer__max_df': 0.95, 'vectorizer__max_features': 80000, 'vectorizer__min_df': 3, 'vectorizer__ngram_range': (1, 2), 'vectorizer__sublinear_tf': True}",0.7764515400256043,0.7781082912869945,0.7776522639555681,0.7774040317560557,0.000698770636754572,35,0.9063079515395694,0.9048771074356826,0.9061017395888245,0.9057622661880256,0.0006315379929423241
2.6487377484639487,0.06757411149567565,0.47190554936726886,0.018616385592764607,1.0,,20000,0.0001,0.95,100000,3,"(1, 2)",True,"{'svm__C': 1.0, 'svm__class_weight': None, 'svm__max_iter': 20000, 'svm__tol': 0.0001, 'vectorizer__max_df': 0.95, 'vectorizer__max_features': 100000, 'vectorizer__min_df': 3, 'vectorizer__ngram_range': (1, 2), 'vectorizer__sublinear_tf': True}",0.7764515400256043,0.7781082912869945,0.7776522639555681,0.7774040317560557,0.000698770636754572,35,0.9063079515395694,0.9048771074356826,0.9061017395888245,0.9057622661880256,0.0006315379929423241
2.622873226801554,0.061390791289794265,0.47619326909383136,0.012993882182476244,1.0,,20000,0.0001,0.95,120000,3,"(1, 2)",True,"{'svm__C': 1.0, 'svm__class_weight': None, 'svm__max_iter': 20000, 'svm__tol': 0.0001, 'vectorizer__max_df': 0.95, 'vectorizer__max_features': 120000, 'vectorizer__min_df': 3, 'vectorizer__ngram_range': (1, 2), 'vectorizer__sublinear_tf': True}",0.7764515400256043,0.7781082912869945,0.7776522639555681,0.7774040317560557,0.000698770636754572,35,0.9063079515395694,0.9048771074356826,0.9061017395888245,0.9057622661880256,0.0006315379929423241
2.6589638392130532,0.05380103625566592,0.47835373878479004,0.007068016394770346,1.0,,20000,0.0001,0.98,80000,3,"(1, 2)",True,"{'svm__C': 1.0, 'svm__class_weight': None, 'svm__max_iter': 20000, 'svm__tol': 0.0001, 'vectorizer__max_df': 0.98, 'vectorizer__max_features': 80000, 'vectorizer__min_df': 3, 'vectorizer__ngram_range': (1, 2), 'vectorizer__sublinear_tf': True}",0.7764515400256043,0.7781082912869945,0.7776522639555681,0.7774040317560557,0.000698770636754572,35,0.9063079515395694,0.9048771074356826,0.9061017395888245,0.9057622661880256,0.0006315379929423241
2.8055198192596436,0.14626442145318166,0.4930587609608968,0.012906544772843797,1.0,,20000,0.0001,0.98,100000,3,"(1, 2)",True,"{'svm__C': 1.0, 'svm__class_weight': None, 'svm__max_iter': 20000, 'svm__tol': 0.0001, 'vectorizer__max_df': 0.98, 'vectorizer__max_features': 100000, 'vectorizer__min_df': 3, 'vectorizer__ngram_range': (1, 2), 'vectorizer__sublinear_tf': True}",0.7764515400256043,0.7781082912869945,0.7776522639555681,0.7774040317560557,0.000698770636754572,35,0.9063079515395694,0.9048771074356826,0.9061017395888245,0.9057622661880256,0.0006315379929423241
2.6855809688568115,0.06928089742240504,0.4733104705810547,0.009885920491217436,1.0,,20000,0.0001,0.98,120000,3,"(1, 2)",True,"{'svm__C': 1.0, 'svm__class_weight': None, 'svm__max_iter': 20000, 'svm__tol': 0.0001, 'vectorizer__max_df': 0.98, 'vectorizer__max_features': 120000, 'vectorizer__min_df': 3, 'vectorizer__ngram_range': (1, 2), 'vectorizer__sublinear_tf': True}",0.7764515400256043,0.7781082912869945,0.7776522639555681,0.7774040317560557,0.000698770636754572,35,0.9063079515395694,0.9048771074356826,0.9061017395888245,0.9057622661880256,0.0006315379929423241
2.836780865987142,0.010597137819874463,0.49202624956766766,0.025074148391497034,1.0,,20000,0.0001,0.95,80000,2,"(1, 2)",True,"{'svm__C': 1.0, 'svm__class_weight': None, 'svm__max_iter': 20000, 'svm__tol': 0.0001, 'vectorizer__max_df': 0.95, 'vectorizer__max_features': 80000, 'vectorizer__min_df': 2, 'vectorizer__ngram_range': (1, 2), 'vectorizer__sublinear_tf': True}",0.7753972437683561,0.7787107462911363,0.7778217076155511,0.7773098992250146,0.0014003060650171208,41,0.9399327879809095,0.9377206276887161,0.9391614579411101,0.9389382912035785,0.0009167936278663935
2.80704132715861,0.054053877339094517,0.4913030465443929,0.02578646454194429,1.0,,20000,0.0001,0.98,80000,2,"(1, 2)",True,"{'svm__C': 1.0, 'svm__class_weight': None, 'svm__max_iter': 20000, 'svm__tol': 0.0001, 'vectorizer__max_df': 0.98, 'vectorizer__max_features': 80000, 'vectorizer__min_df': 2, 'vectorizer__ngram_range': (1, 2), 'vectorizer__sublinear_tf': True}",0.7753972437683561,0.7787107462911363,0.7778217076155511,0.7773098992250146,0.0014003060650171208,41,0.9399327879809095,0.9377206276887161,0.9391614579411101,0.9389382912035785,0.0009167936278663935
4.272130648295085,0.05132100930616713,0.6489918231964111,0.03971174014704771,1.0,,20000,0.0001,0.95,80000,3,"(1, 3)",True,"{'svm__C': 1.0, 'svm__class_weight': None, 'svm__max_iter': 20000, 'svm__tol': 0.0001, 'vectorizer__max_df': 0.95, 'vectorizer__max_features': 80000, 'vectorizer__min_df': 3, 'vectorizer__ngram_range': (1, 3), 'vectorizer__sublinear_tf': True}",0.7763385797123278,0.7776941034716469,0.7773698578555963,0.7771341803465237,0.0005779383368097806,43,0.9114288672797959,0.9104686955785034,0.9117215151743354,0.9112063593442116,0.000535114673675133
4.121691783269246,0.06999757788596972,0.6123557885487875,0.024659175345384313,1.0,,20000,0.0001,0.95,100000,3,"(1, 3)",True,"{'svm__C': 1.0, 'svm__class_weight': None, 'svm__max_iter': 20000, 'svm__tol': 0.0001, 'vectorizer__max_df': 0.95, 'vectorizer__max_features': 100000, 'vectorizer__min_df': 3, 'vectorizer__ngram_range': (1, 3), 'vectorizer__sublinear_tf': True}",0.7763385797123278,0.7776941034716469,0.7773698578555963,0.7771341803465237,0.0005779383368097806,43,0.9114288672797959,0.9104686955785034,0.9117215151743354,0.9112063593442116,0.000535114673675133
4.132365385691325,0.060593804831647696,0.6100338300069174,0.013438168429761982,1.0,,20000,0.0001,0.95,120000,3,"(1, 3)",True,"{'svm__C': 1.0, 'svm__class_weight': None, 'svm__max_iter': 20000, 'svm__tol': 0.0001, 'vectorizer__max_df': 0.95, 'vectorizer__max_features': 120000, 'vectorizer__min_df': 3, 'vectorizer__ngram_range': (1, 3), 'vectorizer__sublinear_tf': True}",0.7763385797123278,0.7776941034716469,0.7773698578555963,0.7771341803465237,0.0005779383368097806,43,0.9114288672797959,0.9104686955785034,0.9117215151743354,0.9112063593442116,0.000535114673675133
4.172913153966268,0.01991834282908831,0.6085813840230306,0.01059869622209838,1.0,,20000,0.0001,0.98,80000,3,"(1, 3)",True,"{'svm__C': 1.0, 'svm__class_weight': None, 'svm__max_iter': 20000, 'svm__tol': 0.0001, 'vectorizer__max_df': 0.98, 'vectorizer__max_features': 80000, 'vectorizer__min_df': 3, 'vectorizer__ngram_range': (1, 3), 'vectorizer__sublinear_tf': True}",0.7763385797123278,0.7776941034716469,0.7773698578555963,0.7771341803465237,0.0005779383368097806,43,0.9114288672797959,0.9104686955785034,0.9117215151743354,0.9112063593442116,0.000535114673675133
4.255412817001343,0.16317851922303234,0.63149627049764,0.005823018073366103,1.0,,20000,0.0001,0.98,100000,3,"(1, 3)",True,"{'svm__C': 1.0, 'svm__class_weight': None, 'svm__max_iter': 20000, 'svm__tol': 0.0001, 'vectorizer__max_df': 0.98, 'vectorizer__max_features': 100000, 'vectorizer__min_df': 3, 'vectorizer__ngram_range': (1, 3), 'vectorizer__sublinear_tf': True}",0.7763385797123278,0.7776941034716469,0.7773698578555963,0.7771341803465237,0.0005779383368097806,43,0.9114288672797959,0.9104686955785034,0.9117215151743354,0.9112063593442116,0.000535114673675133
4.1365913550059,0.05399236437637201,0.6149612267812093,0.016137614150202723,1.0,,20000,0.0001,0.98,120000,3,"(1, 3)",True,"{'svm__C': 1.0, 'svm__class_weight': None, 'svm__max_iter': 20000, 'svm__tol': 0.0001, 'vectorizer__max_df': 0.98, 'vectorizer__max_features': 120000, 'vectorizer__min_df': 3, 'vectorizer__ngram_range': (1, 3), 'vectorizer__sublinear_tf': True}",0.7763385797123278,0.7776941034716469,0.7773698578555963,0.7771341803465237,0.0005779383368097806,43,0.9114288672797959,0.9104686955785034,0.9117215151743354,0.9112063593442116,0.000535114673675133
4.6598812739054365,0.17875807732230015,0.647148609161377,0.044059685445828736,1.5,,20000,0.0001,0.95,120000,2,"(1, 3)",True,"{'svm__C': 1.5, 'svm__class_weight': None, 'svm__max_iter': 20000, 'svm__tol': 0.0001, 'vectorizer__max_df': 0.95, 'vectorizer__max_features': 120000, 'vectorizer__min_df': 2, 'vectorizer__ngram_range': (1, 3), 'vectorizer__sublinear_tf': True}",0.7718201671812637,0.7731192107839445,0.7721171043961216,0.77235216078711,0.0005557680575113205,49,0.9628921877794617,0.9613107285067447,0.9621112282551397,0.9621047148471153,0.000645644471918683
4.679963032404582,0.1499099414981509,0.674657424290975,0.04023224527308782,1.5,,20000,0.0001,0.98,120000,2,"(1, 3)",True,"{'svm__C': 1.5, 'svm__class_weight': None, 'svm__max_iter': 20000, 'svm__tol': 0.0001, 'vectorizer__max_df': 0.98, 'vectorizer__max_features': 120000, 'vectorizer__min_df': 2, 'vectorizer__ngram_range': (1, 3), 'vectorizer__sublinear_tf': True}",0.7718201671812637,0.7731192107839445,0.7721171043961216,0.77235216078711,0.0005557680575113205,49,0.9628921877794617,0.9613107285067447,0.9621112282551397,0.9621047148471153,0.000645644471918683
5.049475431442261,0.5998700464503726,0.64509383837382,0.04429425272027527,1.5,,20000,0.0001,0.95,100000,2,"(1, 3)",True,"{'svm__C': 1.5, 'svm__class_weight': None, 'svm__max_iter': 20000, 'svm__tol': 0.0001, 'vectorizer__max_df': 0.95, 'vectorizer__max_features': 100000, 'vectorizer__min_df': 2, 'vectorizer__ngram_range': (1, 3), 'vectorizer__sublinear_tf': True}",0.7714248060847956,0.7728932901573914,0.7722677209827732,0.77219527240832,0.0006016909310834553,51,0.9616966798768721,0.9600116726755843,0.9610757587167709,0.9609280370897424,0.0006957866418267948
5.009503205617269,0.5848114101496865,0.6480589707692465,0.03780255520114745,1.5,,20000,0.0001,0.98,100000,2,"(1, 3)",True,"{'svm__C': 1.5, 'svm__class_weight': None, 'svm__max_iter': 20000, 'svm__tol': 0.0001, 'vectorizer__max_df': 0.98, 'vectorizer__max_features': 100000, 'vectorizer__min_df': 2, 'vectorizer__ngram_range': (1, 3), 'vectorizer__sublinear_tf': True}",0.7714248060847956,0.7728932901573914,0.7722677209827732,0.77219527240832,0.0006016909310834553,51,0.9616966798768721,0.9600116726755843,0.9610757587167709,0.9609280370897424,0.0006957866418267948
4.635734399159749,0.048740107999002504,0.6033544540405273,0.010051243356516738,1.5,,20000,0.0001,0.95,80000,2,"(1, 3)",True,"{'svm__C': 1.5, 'svm__class_weight': None, 'svm__max_iter': 20000, 'svm__tol': 0.0001, 'vectorizer__max_df': 0.95, 'vectorizer__max_features': 80000, 'vectorizer__min_df': 2, 'vectorizer__ngram_range': (1, 3), 'vectorizer__sublinear_tf': True}",0.7723849687476466,0.7718954740567814,0.7711192695095548,0.7717999041046609,0.0005211198532249507,53,0.9480942474418955,0.9463245192081408,0.9477370283906921,0.9473852650135761,0.0007641062798883434
4.691229661305745,0.055133743827502114,0.6143914063771566,0.006329495250548802,1.5,,20000,0.0001,0.98,80000,2,"(1, 3)",True,"{'svm__C': 1.5, 'svm__class_weight': None, 'svm__max_iter': 20000, 'svm__tol': 0.0001, 'vectorizer__max_df': 0.98, 'vectorizer__max_features': 80000, 'vectorizer__min_df': 2, 'vectorizer__ngram_range': (1, 3), 'vectorizer__sublinear_tf': True}",0.7723849687476466,0.7718954740567814,0.7711192695095548,0.7717999041046609,0.0005211198532249507,53,0.9480942474418955,0.9463245192081408,0.9477370283906921,0.9473852650135761,0.0007641062798883434
3.077326695124308,0.0344842339027291,0.47739704449971515,0.0061610259388385664,1.5,,20000,0.0001,0.95,100000,2,"(1, 2)",True,"{'svm__C': 1.5, 'svm__class_weight': None, 'svm__max_iter': 20000, 'svm__tol': 0.0001, 'vectorizer__max_df': 0.95, 'vectorizer__max_features': 100000, 'vectorizer__min_df': 2, 'vectorizer__ngram_range': (1, 2), 'vectorizer__sublinear_tf': True}",0.7702010693576323,0.77326982453498,0.7717970441494869,0.7717559793473665,0.0012531505158611272,55,0.9557473807080795,0.9538458642015984,0.954655847578884,0.9547496974961872,0.0007791222032254739
2.990203539530436,0.051078360449786475,0.5079723199208578,0.02920202121062095,1.5,,20000,0.0001,0.95,120000,2,"(1, 2)",True,"{'svm__C': 1.5, 'svm__class_weight': None, 'svm__max_iter': 20000, 'svm__tol': 0.0001, 'vectorizer__max_df': 0.95, 'vectorizer__max_features': 120000, 'vectorizer__min_df': 2, 'vectorizer__ngram_range': (1, 2), 'vectorizer__sublinear_tf': True}",0.7702010693576323,0.77326982453498,0.7717970441494869,0.7717559793473665,0.0012531505158611272,55,0.9557473807080795,0.9538458642015984,0.954655847578884,0.9547496974961872,0.0007791222032254739
3.0280404090881348,0.030707084658220876,0.490673303604126,0.02287836326422305,1.5,,20000,0.0001,0.98,100000,2,"(1, 2)",True,"{'svm__C': 1.5, 'svm__class_weight': None, 'svm__max_iter': 20000, 'svm__tol': 0.0001, 'vectorizer__max_df': 0.98, 'vectorizer__max_features': 100000, 'vectorizer__min_df': 2, 'vectorizer__ngram_range': (1, 2), 'vectorizer__sublinear_tf': True}",0.7702010693576323,0.77326982453498,0.7717970441494869,0.7717559793473665,0.0012531505158611272,55,0.9557473807080795,0.9538458642015984,0.954655847578884,0.9547496974961872,0.0007791222032254739
2.972931385040283,0.07594738167948348,0.5244874954223633,0.03636452873991876,1.5,,20000,0.0001,0.98,120000,2,"(1, 2)",True,"{'svm__C': 1.5, 'svm__class_weight': None, 'svm__max_iter': 20000, 'svm__tol': 0.0001, 'vectorizer__max_df': 0.98, 'vectorizer__max_features': 120000, 'vectorizer__min_df': 2, 'vectorizer__ngram_range': (1, 2), 'vectorizer__sublinear_tf': True}",0.7702010693576323,0.77326982453498,0.7717970441494869,0.7717559793473665,0.0012531505158611272,55,0.9557473807080795,0.9538458642015984,0.954655847578884,0.9547496974961872,0.0007791222032254739
2.771031459172567,0.12955657909758847,0.4687070846557617,0.009944537435598776,1.5,,20000,0.0001,0.95,80000,3,"(1, 2)",True,"{'svm__C': 1.5, 'svm__class_weight': None, 'svm__max_iter': 20000, 'svm__tol': 0.0001, 'vectorizer__max_df': 0.95, 'vectorizer__max_features': 80000, 'vectorizer__min_df': 3, 'vectorizer__ngram_range': (1, 2), 'vectorizer__sublinear_tf': True}",0.7711047518638452,0.7722155282777318,0.7717217358561611,0.7716806719992461,0.0004544012475556781,59,0.9151189389161356,0.9133303837862771,0.915025604337676,0.9144916423466962,0.0008220174041118321
2.784118890762329,0.10875354201092399,0.49996240933736164,0.02010219950562632,1.5,,20000,0.0001,0.95,100000,3,"(1, 2)",True,"{'svm__C': 1.5, 'svm__class_weight': None, 'svm__max_iter': 20000, 'svm__tol': 0.0001, 'vectorizer__max_df': 0.95, 'vectorizer__max_features': 100000, 'vectorizer__min_df': 3, 'vectorizer__ngram_range': (1, 2), 'vectorizer__sublinear_tf': True}",0.7711047518638452,0.7722155282777318,0.7717217358561611,0.7716806719992461,0.0004544012475556781,59,0.9151189389161356,0.9133303837862771,0.915025604337676,0.9144916423466962,0.0008220174041118321
2.7786339124043784,0.13367834964821798,0.4909205436706543,0.022316394312810107,1.5,,20000,0.0001,0.95,120000,3,"(1, 2)",True,"{'svm__C': 1.5, 'svm__class_weight': None, 'svm__max_iter': 20000, 'svm__tol': 0.0001, 'vectorizer__max_df': 0.95, 'vectorizer__max_features': 120000, 'vectorizer__min_df': 3, 'vectorizer__ngram_range': (1, 2), 'vectorizer__sublinear_tf': True}",0.7711047518638452,0.7722155282777318,0.7717217358561611,0.7716806719992461,0.0004544012475556781,59,0.9151189389161356,0.9133303837862771,0.915025604337676,0.9144916423466962,0.0008220174041118321
2.8009212811787925,0.10718530304982482,0.46013275782267254,0.005463848435798711,1.5,,20000,0.0001,0.98,80000,3,"(1, 2)",True,"{'svm__C': 1.5, 'svm__class_weight': None, 'svm__max_iter': 20000, 'svm__tol': 0.0001, 'vectorizer__max_df': 0.98, 'vectorizer__max_features': 80000, 'vectorizer__min_df': 3, 'vectorizer__ngram_range': (1, 2), 'vectorizer__sublinear_tf': True}",0.7711047518638452,0.7722155282777318,0.7717217358561611,0.7716806719992461,0.0004544012475556781,59,0.9151189389161356,0.9133303837862771,0.915025604337676,0.9144916423466962,0.0008220174041118321
2.8161367575327554,0.11692798219870465,0.49090298016866046,0.022554732988185444,1.5,,20000,0.0001,0.98,100000,3,"(1, 2)",True,"{'svm__C': 1.5, 'svm__class_weight': None, 'svm__max_iter': 20000, 'svm__tol': 0.0001, 'vectorizer__max_df': 0.98, 'vectorizer__max_features': 100000, 'vectorizer__min_df': 3, 'vectorizer__ngram_range': (1, 2), 'vectorizer__sublinear_tf': True}",0.7711047518638452,0.7722155282777318,0.7717217358561611,0.7716806719992461,0.0004544012475556781,59,0.9151189389161356,0.9133303837862771,0.915025604337676,0.9144916423466962,0.0008220174041118321
2.8101147015889487,0.12838435510400348,0.5124740600585938,0.032642386340845264,1.5,,20000,0.0001,0.98,120000,3,"(1, 2)",True,"{'svm__C': 1.5, 'svm__class_weight': None, 'svm__max_iter': 20000, 'svm__tol': 0.0001, 'vectorizer__max_df': 0.98, 'vectorizer__max_features': 120000, 'vectorizer__min_df': 3, 'vectorizer__ngram_range': (1, 2), 'vectorizer__sublinear_tf': True}",0.7711047518638452,0.7722155282777318,0.7717217358561611,0.7716806719992461,0.0004544012475556781,59,0.9151189389161356,0.9133303837862771,0.915025604337676,0.9144916423466962,0.0008220174041118321
4.338139057159424,0.05146566757732113,0.6180589199066162,0.02504065099773879,1.5,,20000,0.0001,0.95,80000,3,"(1, 3)",True,"{'svm__C': 1.5, 'svm__class_weight': None, 'svm__max_iter': 20000, 'svm__tol': 0.0001, 'vectorizer__max_df': 0.95, 'vectorizer__max_features': 80000, 'vectorizer__min_df': 3, 'vectorizer__ngram_range': (1, 3), 'vectorizer__sublinear_tf': True}",0.7715001129603133,0.7715942465547104,0.7716087734161725,0.7715677109770654,4.816552243807865e-05,65,0.9211341322212914,0.9197503553576639,0.9210501543790948,0.9206448806526835,0.0006334533379643164
4.299020051956177,0.03915438237085014,0.6106457710266113,0.02764738892676748,1.5,,20000,0.0001,0.95,100000,3,"(1, 3)",True,"{'svm__C': 1.5, 'svm__class_weight': None, 'svm__max_iter': 20000, 'svm__tol': 0.0001, 'vectorizer__max_df': 0.95, 'vectorizer__max_features': 100000, 'vectorizer__min_df': 3, 'vectorizer__ngram_range': (1, 3), 'vectorizer__sublinear_tf': True}",0.7715001129603133,0.7715942465547104,0.7716087734161725,0.7715677109770654,4.816552243807865e-05,65,0.9211341322212914,0.9197503553576639,0.9210501543790948,0.9206448806526835,0.0006334533379643164
4.302833954493205,0.026003421096713934,0.6072260538736979,0.01562152985154476,1.5,,20000,0.0001,0.95,120000,3,"(1, 3)",True,"{'svm__C': 1.5, 'svm__class_weight': None, 'svm__max_iter': 20000, 'svm__tol': 0.0001, 'vectorizer__max_df': 0.95, 'vectorizer__max_features': 120000, 'vectorizer__min_df': 3, 'vectorizer__ngram_range': (1, 3), 'vectorizer__sublinear_tf': True}",0.7715001129603133,0.7715942465547104,0.7716087734161725,0.7715677109770654,4.816552243807865e-05,65,0.9211341322212914,0.9197503553576639,0.9210501543790948,0.9206448806526835,0.0006334533379643164
4.294906298319499,0.06891272995198185,0.6212937831878662,0.03162536559596323,1.5,,20000,0.0001,0.98,80000,3,"(1, 3)",True,"{'svm__C': 1.5, 'svm__class_weight': None, 'svm__max_iter': 20000, 'svm__tol': 0.0001, 'vectorizer__max_df': 0.98, 'vectorizer__max_features': 80000, 'vectorizer__min_df': 3, 'vectorizer__ngram_range': (1, 3), 'vectorizer__sublinear_tf': True}",0.7715001129603133,0.7715942465547104,0.7716087734161725,0.7715677109770654,4.816552243807865e-05,65,0.9211341322212914,0.9197503553576639,0.9210501543790948,0.9206448806526835,0.0006334533379643164
4.353960275650024,0.026878036900031797,0.6290096441904703,0.03995658799620888,1.5,,20000,0.0001,0.98,100000,3,"(1, 3)",True,"{'svm__C': 1.5, 'svm__class_weight': None, 'svm__max_iter': 20000, 'svm__tol': 0.0001, 'vectorizer__max_df': 0.98, 'vectorizer__max_features': 100000, 'vectorizer__min_df': 3, 'vectorizer__ngram_range': (1, 3), 'vectorizer__sublinear_tf': True}",0.7715001129603133,0.7715942465547104,0.7716087734161725,0.7715677109770654,4.816552243807865e-05,65,0.9211341322212914,0.9197503553576639,0.9210501543790948,0.9206448806526835,0.0006334533379643164
4.475310484568278,0.026490729845906516,0.6630642414093018,0.041882790771048735,1.5,,20000,0.0001,0.98,120000,3,"(1, 3)",True,"{'svm__C': 1.5, 'svm__class_weight': None, 'svm__max_iter': 20000, 'svm__tol': 0.0001, 'vectorizer__max_df': 0.98, 'vectorizer__max_features': 120000, 'vectorizer__min_df': 3, 'vectorizer__ngram_range': (1, 3), 'vectorizer__sublinear_tf': True}",0.7715001129603133,0.7715942465547104,0.7716087734161725,0.7715677109770654,4.816552243807865e-05,65,0.9211341322212914,0.9197503553576639,0.9210501543790948,0.9206448806526835,0.0006334533379643164
3.0475452740987143,0.13112990291273305,0.47371864318847656,0.004445254585983423,1.5,,20000,0.0001,0.95,80000,2,"(1, 2)",True,"{'svm__C': 1.5, 'svm__class_weight': None, 'svm__max_iter': 20000, 'svm__tol': 0.0001, 'vectorizer__max_df': 0.95, 'vectorizer__max_features': 80000, 'vectorizer__min_df': 2, 'vectorizer__ngram_range': (1, 2), 'vectorizer__sublinear_tf': True}",0.7699374952933202,0.7729309435951502,0.7715711192695096,0.7714798527193266,0.0012237729558811057,71,0.9520855494158955,0.9502311001496738,0.9510128774757135,0.9511098423470942,0.0007601741730064063
3.0829814275105796,0.1239865649777057,0.47911421457926434,0.0034039463452237148,1.5,,20000,0.0001,0.98,80000,2,"(1, 2)",True,"{'svm__C': 1.5, 'svm__class_weight': None, 'svm__max_iter': 20000, 'svm__tol': 0.0001, 'vectorizer__max_df': 0.98, 'vectorizer__max_features': 80000, 'vectorizer__min_df': 2, 'vectorizer__ngram_range': (1, 2), 'vectorizer__sublinear_tf': True}",0.7699374952933202,0.7729309435951502,0.7715711192695096,0.7714798527193266,0.0012237729558811057,71,0.9520855494158955,0.9502311001496738,0.9510128774757135,0.9511098423470942,0.0007601741730064063
4.734461704889934,0.04031855346828098,0.6596613725026449,0.017074724442175945,2.0,,20000,0.0001,0.95,120000,2,"(1, 3)",True,"{'svm__C': 2.0, 'svm__class_weight': None, 'svm__max_iter': 20000, 'svm__tol': 0.0001, 'vectorizer__max_df': 0.95, 'vectorizer__max_features': 120000, 'vectorizer__min_df': 2, 'vectorizer__ngram_range': (1, 3), 'vectorizer__sublinear_tf': True}",0.7679606898109798,0.7687137585661571,0.7675421255765791,0.7680721913179053,0.0004847717023519953,73,0.9695851493443534,0.968201372480726,0.9687099932223812,0.9688321716824868,0.000571492364581789
4.617270628611247,0.08312983625122074,0.6305047671000162,0.022030672261236808,2.0,,20000,0.0001,0.98,120000,2,"(1, 3)",True,"{'svm__C': 2.0, 'svm__class_weight': None, 'svm__max_iter': 20000, 'svm__tol': 0.0001, 'vectorizer__max_df': 0.98, 'vectorizer__max_features': 120000, 'vectorizer__min_df': 2, 'vectorizer__ngram_range': (1, 3), 'vectorizer__sublinear_tf': True}",0.7679606898109798,0.7687137585661571,0.7675421255765791,0.7680721913179053,0.0004847717023519953,73,0.9695851493443534,0.968201372480726,0.9687099932223812,0.9688321716824868,0.000571492364581789
5.27918553352356,0.7154854250570593,0.6593633492787679,0.03472782498044279,2.0,,20000,0.0001,0.95,100000,2,"(1, 3)",True,"{'svm__C': 2.0, 'svm__class_weight': None, 'svm__max_iter': 20000, 'svm__tol': 0.0001, 'vectorizer__max_df': 0.95, 'vectorizer__max_features': 100000, 'vectorizer__min_df': 2, 'vectorizer__ngram_range': (1, 3), 'vectorizer__sublinear_tf': True}",0.7680924768431358,0.7688831990360719,0.7670337945966299,0.7680031568252792,0.0007576532823349567,75,0.9684367086820231,0.9670905856106033,0.9675992168084946,0.9677088370337069,0.0005549920577112686
5.396869977315267,0.6858964761781159,0.6710963249206543,0.04177109228573418,2.0,,20000,0.0001,0.98,100000,2,"(1, 3)",True,"{'svm__C': 2.0, 'svm__class_weight': None, 'svm__max_iter': 20000, 'svm__tol': 0.0001, 'vectorizer__max_df': 0.98, 'vectorizer__max_features': 100000, 'vectorizer__min_df': 2, 'vectorizer__ngram_range': (1, 3), 'vectorizer__sublinear_tf': True}",0.7680924768431358,0.7688831990360719,0.7670337945966299,0.7680031568252792,0.0007576532823349567,75,0.9684367086820231,0.9670905856106033,0.9675992168084946,0.9677088370337069,0.0005549920577112686
3.3824034531911216,0.0778623509315904,0.5002270539601644,0.009685316445303212,2.0,,20000,0.0001,0.95,100000,2,"(1, 2)",True,"{'svm__C': 2.0, 'svm__class_weight': None, 'svm__max_iter': 20000, 'svm__tol': 0.0001, 'vectorizer__max_df': 0.95, 'vectorizer__max_features': 100000, 'vectorizer__min_df': 2, 'vectorizer__ngram_range': (1, 2), 'vectorizer__sublinear_tf': True}",0.7665486858950222,0.7692409066947812,0.7667137343499953,0.7675011089799328,0.0012320666417489153,77,0.9630145626041363,0.9612919016106409,0.9613769862188418,0.961894483477873,0.0007927768851558972
3.141659657160441,0.1940406093091411,0.5066285928090414,0.013037255168741917,2.0,,20000,0.0001,0.95,120000,2,"(1, 2)",True,"{'svm__C': 2.0, 'svm__class_weight': None, 'svm__max_iter': 20000, 'svm__tol': 0.0001, 'vectorizer__max_df': 0.95, 'vectorizer__max_features': 120000, 'vectorizer__min_df': 2, 'vectorizer__ngram_range': (1, 2), 'vectorizer__sublinear_tf': True}",0.7665486858950222,0.7692409066947812,0.7667137343499953,0.7675011089799328,0.0012320666417489153,77,0.9630145626041363,0.9612919016106409,0.9613769862188418,0.961894483477873,0.0007927768851558972
3.12135903040568,0.08037896077946378,0.513260285059611,0.030069979966311066,2.0,,20000,0.0001,0.98,100000,2,"(1, 2)",True,"{'svm__C': 2.0, 'svm__class_weight': None, 'svm__max_iter': 20000, 'svm__tol': 0.0001, 'vectorizer__max_df': 0.98, 'vectorizer__max_features': 100000, 'vectorizer__min_df': 2, 'vectorizer__ngram_range': (1, 2), 'vectorizer__sublinear_tf': True}",0.7665486858950222,0.7692409066947812,0.7667137343499953,0.7675011089799328,0.0012320666417489153,77,0.9630145626041363,0.9612919016106409,0.9613769862188418,0.961894483477873,0.0007927768851558972
3.0117127100626626,0.11256563451003122,0.4898059368133545,0.004639957036496503,2.0,,20000,0.0001,0.98,120000,2,"(1, 2)",True,"{'svm__C': 2.0, 'svm__class_weight': None, 'svm__max_iter': 20000, 'svm__tol': 0.0001, 'vectorizer__max_df': 0.98, 'vectorizer__max_features': 120000, 'vectorizer__min_df': 2, 'vectorizer__ngram_range': (1, 2), 'vectorizer__sublinear_tf': True}",0.7665486858950222,0.7692409066947812,0.7667137343499953,0.7675011089799328,0.0012320666417489153,77,0.9630145626041363,0.9612919016106409,0.9613769862188418,0.961894483477873,0.0007927768851558972
4.807275692621867,0.1264966735717275,0.6378010114034017,0.017949595228460347,2.0,,20000,0.0001,0.95,80000,2,"(1, 3)",True,"{'svm__C': 2.0, 'svm__class_weight': None, 'svm__max_iter': 20000, 'svm__tol': 0.0001, 'vectorizer__max_df': 0.95, 'vectorizer__max_features': 80000, 'vectorizer__min_df': 2, 'vectorizer__ngram_range': (1, 3), 'vectorizer__sublinear_tf': True}",0.768186610437533,0.7671511408991641,0.766450155323355,0.7672626355533506,0.0007132752551074265,81,0.955709726915872,0.9539117583379616,0.9548911815648768,0.9548375556062368,0.0007349963987976659
4.621939738591512,0.12091065260527162,0.6528288523356119,0.045750488770629726,2.0,,20000,0.0001,0.98,80000,2,"(1, 3)",True,"{'svm__C': 2.0, 'svm__class_weight': None, 'svm__max_iter': 20000, 'svm__tol': 0.0001, 'vectorizer__max_df': 0.98, 'vectorizer__max_features': 80000, 'vectorizer__min_df': 2, 'vectorizer__ngram_range': (1, 3), 'vectorizer__sublinear_tf': True}",0.768186610437533,0.7671511408991641,0.766450155323355,0.7672626355533506,0.0007132752551074265,81,0.955709726915872,0.9539117583379616,0.9548911815648768,0.9548375556062368,0.0007349963987976659
4.920781056086223,0.35429485157518004,0.644844134648641,0.007090602042679077,2.0,,20000,0.0001,0.95,80000,3,"(1, 3)",True,"{'svm__C': 2.0, 'svm__class_weight': None, 'svm__max_iter': 20000, 'svm__tol': 0.0001, 'vectorizer__max_df': 0.95, 'vectorizer__max_features': 80000, 'vectorizer__min_df': 3, 'vectorizer__ngram_range': (1, 3), 'vectorizer__sublinear_tf': True}",0.7679606898109798,0.7670570073047669,0.7667513884966582,0.7672563618708016,0.0005134258138258517,83,0.9276388248251451,0.9255019721173668,0.927658332705776,0.926933043216096,0.001011951417333557
4.6634730497996015,0.40555240337891624,0.6041003863016764,0.00574321408059294,2.0,,20000,0.0001,0.95,100000,3,"(1, 3)",True,"{'svm__C': 2.0, 'svm__class_weight': None, 'svm__max_iter': 20000, 'svm__tol': 0.0001, 'vectorizer__max_df': 0.95, 'vectorizer__max_features': 100000, 'vectorizer__min_df': 3, 'vectorizer__ngram_range': (1, 3), 'vectorizer__sublinear_tf': True}",0.7679606898109798,0.7670570073047669,0.7667513884966582,0.7672563618708016,0.0005134258138258517,83,0.9276388248251451,0.9255019721173668,0.927658332705776,0.926933043216096,0.001011951417333557
4.688002904256185,0.3639651115823652,0.6473206679026285,0.02889240617253605,2.0,,20000,0.0001,0.95,120000,3,"(1, 3)",True,"{'svm__C': 2.0, 'svm__class_weight': None, 'svm__max_iter': 20000, 'svm__tol': 0.0001, 'vectorizer__max_df': 0.95, 'vectorizer__max_features': 120000, 'vectorizer__min_df': 3, 'vectorizer__ngram_range': (1, 3), 'vectorizer__sublinear_tf': True}",0.7679606898109798,0.7670570073047669,0.7667513884966582,0.7672563618708016,0.0005134258138258517,83,0.9276388248251451,0.9255019721173668,0.927658332705776,0.926933043216096,0.001011951417333557
4.596335252126058,0.3313101464389427,0.6246438026428223,0.024049060115424657,2.0,,20000,0.0001,0.98,80000,3,"(1, 3)",True,"{'svm__C': 2.0, 'svm__class_weight': None, 'svm__max_iter': 20000, 'svm__tol': 0.0001, 'vectorizer__max_df': 0.98, 'vectorizer__max_features': 80000, 'vectorizer__min_df': 3, 'vectorizer__ngram_range': (1, 3), 'vectorizer__sublinear_tf': True}",0.7679606898109798,0.7670570073047669,0.7667513884966582,0.7672563618708016,0.0005134258138258517,83,0.9276388248251451,0.9255019721173668,0.927658332705776,0.926933043216096,0.001011951417333557
4.629494667053223,0.41103537495528486,0.6145900885264078,0.012022426961839416,2.0,,20000,0.0001,0.98,100000,3,"(1, 3)",True,"{'svm__C': 2.0, 'svm__class_weight': None, 'svm__max_iter': 20000, 'svm__tol': 0.0001, 'vectorizer__max_df': 0.98, 'vectorizer__max_features': 100000, 'vectorizer__min_df': 3, 'vectorizer__ngram_range': (1, 3), 'vectorizer__sublinear_tf': True}",0.7679606898109798,0.7670570073047669,0.7667513884966582,0.7672563618708016,0.0005134258138258517,83,0.9276388248251451,0.9255019721173668,0.927658332705776,0.926933043216096,0.001011951417333557
4.6279425621032715,0.35739432324298237,0.6254238287607828,0.033985609304138145,2.0,,20000,0.0001,0.98,120000,3,"(1, 3)",True,"{'svm__C': 2.0, 'svm__class_weight': None, 'svm__max_iter': 20000, 'svm__tol': 0.0001, 'vectorizer__max_df': 0.98, 'vectorizer__max_features': 120000, 'vectorizer__min_df': 3, 'vectorizer__ngram_range': (1, 3), 'vectorizer__sublinear_tf': True}",0.7679606898109798,0.7670570073047669,0.7667513884966582,0.7672563618708016,0.0005134258138258517,83,0.9276388248251451,0.9255019721173668,0.927658332705776,0.926933043216096,0.001011951417333557
3.10272749265035,0.22820557926529797,0.4733479817708333,0.010060375304566032,2.0,,20000,0.0001,0.95,80000,3,"(1, 2)",True,"{'svm__C': 2.0, 'svm__class_weight': None, 'svm__max_iter': 20000, 'svm__tol': 0.0001, 'vectorizer__max_df': 0.95, 'vectorizer__max_features': 80000, 'vectorizer__min_df': 3, 'vectorizer__ngram_range': (1, 2), 'vectorizer__sublinear_tf': True}",0.7665675126139017,0.7676782890277882,0.7669208321566412,0.7670555445994437,0.0004633692854847994,89,0.9205504984420744,0.918667808831697,0.9208713005497402,0.9200298692745038,0.0009719859345570694
3.0869363149007163,0.14093980143182233,0.4952540397644043,0.023963500919391423,2.0,,20000,0.0001,0.95,100000,3,"(1, 2)",True,"{'svm__C': 2.0, 'svm__class_weight': None, 'svm__max_iter': 20000, 'svm__tol': 0.0001, 'vectorizer__max_df': 0.95, 'vectorizer__max_features': 100000, 'vectorizer__min_df': 3, 'vectorizer__ngram_range': (1, 2), 'vectorizer__sublinear_tf': True}",0.7665675126139017,0.7676782890277882,0.7669208321566412,0.7670555445994437,0.0004633692854847994,89,0.9205504984420744,0.918667808831697,0.9208713005497402,0.9200298692745038,0.0009719859345570694
3.0615576903025308,0.1467981237924446,0.5105146567026774,0.02648040268812185,2.0,,20000,0.0001,0.95,120000,3,"(1, 2)",True,"{'svm__C': 2.0, 'svm__class_weight': None, 'svm__max_iter': 20000, 'svm__tol': 0.0001, 'vectorizer__max_df': 0.95, 'vectorizer__max_features': 120000, 'vectorizer__min_df': 3, 'vectorizer__ngram_range': (1, 2), 'vectorizer__sublinear_tf': True}",0.7665675126139017,0.7676782890277882,0.7669208321566412,0.7670555445994437,0.0004633692854847994,89,0.9205504984420744,0.918667808831697,0.9208713005497402,0.9200298692745038,0.0009719859345570694
2.942915598551432,0.2050095614791641,0.4967823028564453,0.02756976273896901,2.0,,20000,0.0001,0.98,80000,3,"(1, 2)",True,"{'svm__C': 2.0, 'svm__class_weight': None, 'svm__max_iter': 20000, 'svm__tol': 0.0001, 'vectorizer__max_df': 0.98, 'vectorizer__max_features': 80000, 'vectorizer__min_df': 3, 'vectorizer__ngram_range': (1, 2), 'vectorizer__sublinear_tf': True}",0.7665675126139017,0.7676782890277882,0.7669208321566412,0.7670555445994437,0.0004633692854847994,89,0.9205504984420744,0.918667808831697,0.9208713005497402,0.9200298692745038,0.0009719859345570694
3.1550046602884927,0.1437710443679001,0.5034341017405192,0.026229880328543637,2.0,,20000,0.0001,0.98,100000,3,"(1, 2)",True,"{'svm__C': 2.0, 'svm__class_weight': None, 'svm__max_iter': 20000, 'svm__tol': 0.0001, 'vectorizer__max_df': 0.98, 'vectorizer__max_features': 100000, 'vectorizer__min_df': 3, 'vectorizer__ngram_range': (1, 2), 'vectorizer__sublinear_tf': True}",0.7665675126139017,0.7676782890277882,0.7669208321566412,0.7670555445994437,0.0004633692854847994,89,0.9205504984420744,0.918667808831697,0.9208713005497402,0.9200298692745038,0.0009719859345570694
3.0030409495035806,0.1866588124112093,0.5075629552205404,0.02284576314337335,2.0,,20000,0.0001,0.98,120000,3,"(1, 2)",True,"{'svm__C': 2.0, 'svm__class_weight': None, 'svm__max_iter': 20000, 'svm__tol': 0.0001, 'vectorizer__max_df': 0.98, 'vectorizer__max_features': 120000, 'vectorizer__min_df': 3, 'vectorizer__ngram_range': (1, 2), 'vectorizer__sublinear_tf': True}",0.7665675126139017,0.7676782890277882,0.7669208321566412,0.7670555445994437,0.0004633692854847994,89,0.9205504984420744,0.918667808831697,0.9208713005497402,0.9200298692745038,0.0009719859345570694
3.3024802207946777,0.049871829689404214,0.5423532327016195,0.02250571506845784,2.0,,20000,0.0001,0.95,80000,2,"(1, 2)",True,"{'svm__C': 2.0, 'svm__class_weight': None, 'svm__max_iter': 20000, 'svm__tol': 0.0001, 'vectorizer__max_df': 0.95, 'vectorizer__max_features': 80000, 'vectorizer__min_df': 2, 'vectorizer__ngram_range': (1, 2), 'vectorizer__sublinear_tf': True}",0.7659274041720009,0.7685443180962422,0.7665442906900123,0.7670053376527518,0.0011169848844428069,95,0.959286837175589,0.9575641761820938,0.9579599367422246,0.9582703166999691,0.0007367233823965257
3.0800163745880127,0.040002764537387055,0.5091064771016439,0.02106838616686894,2.0,,20000,0.0001,0.98,80000,2,"(1, 2)",True,"{'svm__C': 2.0, 'svm__class_weight': None, 'svm__max_iter': 20000, 'svm__tol': 0.0001, 'vectorizer__max_df': 0.98, 'vectorizer__max_features': 80000, 'vectorizer__min_df': 2, 'vectorizer__ngram_range': (1, 2), 'vectorizer__sublinear_tf': True}",0.7659274041720009,0.7685443180962422,0.7665442906900123,0.7670053376527518,0.0011169848844428069,95,0.959286837175589,0.9575641761820938,0.9579599367422246,0.9582703166999691,0.0007367233823965257
6.059509038925171,0.9632331020851274,0.6533675193786621,0.03612430583707486,3.0,,20000,0.0001,0.95,100000,2,"(1, 3)",True,"{'svm__C': 3.0, 'svm__class_weight': None, 'svm__max_iter': 20000, 'svm__tol': 0.0001, 'vectorizer__max_df': 0.95, 'vectorizer__max_features': 100000, 'vectorizer__min_df': 2, 'vectorizer__ngram_range': (1, 3), 'vectorizer__sublinear_tf': True}",0.762764515400256,0.762933955870171,0.7612915372305376,0.7623300028336549,0.0007375570598738287,97,0.9753744198962638,0.9743860078508156,0.9748569169365163,0.9748724482278653,0.0004036669490681605
6.2077391147613525,1.018776675380916,0.65391739209493,0.04782774840011193,3.0,,20000,0.0001,0.98,100000,2,"(1, 3)",True,"{'svm__C': 3.0, 'svm__class_weight': None, 'svm__max_iter': 20000, 'svm__tol': 0.0001, 'vectorizer__max_df': 0.98, 'vectorizer__max_features': 100000, 'vectorizer__min_df': 2, 'vectorizer__ngram_range': (1, 3), 'vectorizer__sublinear_tf': True}",0.762764515400256,0.762933955870171,0.7612915372305376,0.7623300028336549,0.0007375570598738287,97,0.9753744198962638,0.9743860078508156,0.9748569169365163,0.9748724482278653,0.0004036669490681605
5.678436676661174,0.5741814866384013,0.6682372093200684,0.04294065492941191,3.0,,20000,0.0001,0.95,120000,2,"(1, 3)",True,"{'svm__C': 3.0, 'svm__class_weight': None, 'svm__max_iter': 20000, 'svm__tol': 0.0001, 'vectorizer__max_df': 0.95, 'vectorizer__max_features': 120000, 'vectorizer__min_df': 2, 'vectorizer__ngram_range': (1, 3), 'vectorizer__sublinear_tf': True}",0.7623315008660291,0.7630092627456887,0.761517462110515,0.7622860752407442,0.0006098715161685439,99,0.9764193126300232,0.9754591409287308,0.9756664658483319,0.9758483064690285,0.00041253842850676365
5.808680295944214,0.7306818593702951,0.6569855213165283,0.03701056747781674,3.0,,20000,0.0001,0.98,120000,2,"(1, 3)",True,"{'svm__C': 3.0, 'svm__class_weight': None, 'svm__max_iter': 20000, 'svm__tol': 0.0001, 'vectorizer__max_df': 0.98, 'vectorizer__max_features': 120000, 'vectorizer__min_df': 2, 'vectorizer__ngram_range': (1, 3), 'vectorizer__sublinear_tf': True}",0.7623315008660291,0.7630092627456887,0.761517462110515,0.7622860752407442,0.0006098715161685439,99,0.9764193126300232,0.9754591409287308,0.9756664658483319,0.9758483064690285,0.00041253842850676365
3.7974838415781655,0.3890070378538143,0.5117512543996176,0.03420913721930879,3.0,,20000,0.0001,0.95,100000,2,"(1, 2)",True,"{'svm__C': 3.0, 'svm__class_weight': None, 'svm__max_iter': 20000, 'svm__tol': 0.0001, 'vectorizer__max_df': 0.95, 'vectorizer__max_features': 100000, 'vectorizer__min_df': 2, 'vectorizer__ngram_range': (1, 2), 'vectorizer__sublinear_tf': True}",0.7602040816326531,0.7630092627456887,0.7610467852772287,0.7614200432185235,0.0011752308673299535,101,0.9699899276105844,0.9689638617729288,0.9692747947887642,0.9694095280574259,0.000429587062238587
3.8316948413848877,0.4132810425081242,0.4989933967590332,0.016424469429473208,3.0,,20000,0.0001,0.95,120000,2,"(1, 2)",True,"{'svm__C': 3.0, 'svm__class_weight': None, 'svm__max_iter': 20000, 'svm__tol': 0.0001, 'vectorizer__max_df': 0.95, 'vectorizer__max_features': 120000, 'vectorizer__min_df': 2, 'vectorizer__ngram_range': (1, 2), 'vectorizer__sublinear_tf': True}",0.7602040816326531,0.7630092627456887,0.7610467852772287,0.7614200432185235,0.0011752308673299535,101,0.9699899276105844,0.9689638617729288,0.9692747947887642,0.9694095280574259,0.000429587062238587
3.845073858896891,0.4360553365622286,0.48677722613016766,0.007737998062828827,3.0,,20000,0.0001,0.98,100000,2,"(1, 2)",True,"{'svm__C': 3.0, 'svm__class_weight': None, 'svm__max_iter': 20000, 'svm__tol': 0.0001, 'vectorizer__max_df': 0.98, 'vectorizer__max_features': 100000, 'vectorizer__min_df': 2, 'vectorizer__ngram_range': (1, 2), 'vectorizer__sublinear_tf': True}",0.7602040816326531,0.7630092627456887,0.7610467852772287,0.7614200432185235,0.0011752308673299535,101,0.9699899276105844,0.9689638617729288,0.9692747947887642,0.9694095280574259,0.000429587062238587
3.8701040744781494,0.4634447517610388,0.5340704917907715,0.04609386655651713,3.0,,20000,0.0001,0.98,120000,2,"(1, 2)",True,"{'svm__C': 3.0, 'svm__class_weight': None, 'svm__max_iter': 20000, 'svm__tol': 0.0001, 'vectorizer__max_df': 0.98, 'vectorizer__max_features': 120000, 'vectorizer__min_df': 2, 'vectorizer__ngram_range': (1, 2), 'vectorizer__sublinear_tf': True}",0.7602040816326531,0.7630092627456887,0.7610467852772287,0.7614200432185235,0.0011752308673299535,101,0.9699899276105844,0.9689638617729288,0.9692747947887642,0.9694095280574259,0.000429587062238587
3.0822251637776694,0.144264344070486,0.49867717425028485,0.018231789884381056,3.0,,20000,0.0001,0.95,80000,3,"(1, 2)",True,"{'svm__C': 3.0, 'svm__class_weight': None, 'svm__max_iter': 20000, 'svm__tol': 0.0001, 'vectorizer__max_df': 0.95, 'vectorizer__max_features': 80000, 'vectorizer__min_df': 3, 'vectorizer__ngram_range': (1, 2), 'vectorizer__sublinear_tf': True}",0.7606559228857595,0.7613713382031779,0.7608585145439142,0.7609619252109505,0.00030108148801935217,105,0.9281094972277395,0.9257467217667159,0.9286467354469463,0.9275009848138005,0.0012596918551294493
2.949268023173014,0.08040089218527276,0.49661723772684735,0.028418526637212345,3.0,,20000,0.0001,0.95,100000,3,"(1, 2)",True,"{'svm__C': 3.0, 'svm__class_weight': None, 'svm__max_iter': 20000, 'svm__tol': 0.0001, 'vectorizer__max_df': 0.95, 'vectorizer__max_features': 100000, 'vectorizer__min_df': 3, 'vectorizer__ngram_range': (1, 2), 'vectorizer__sublinear_tf': True}",0.7606559228857595,0.7613713382031779,0.7608585145439142,0.7609619252109505,0.00030108148801935217,105,0.9281094972277395,0.9257467217667159,0.9286467354469463,0.9275009848138005,0.0012596918551294493
3.01775328318278,0.10234748697420183,0.4982900619506836,0.021679092469561664,3.0,,20000,0.0001,0.95,120000,3,"(1, 2)",True,"{'svm__C': 3.0, 'svm__class_weight': None, 'svm__max_iter': 20000, 'svm__tol': 0.0001, 'vectorizer__max_df': 0.95, 'vectorizer__max_features': 120000, 'vectorizer__min_df': 3, 'vectorizer__ngram_range': (1, 2), 'vectorizer__sublinear_tf': True}",0.7606559228857595,0.7613713382031779,0.7608585145439142,0.7609619252109505,0.00030108148801935217,105,0.9281094972277395,0.9257467217667159,0.9286467354469463,0.9275009848138005,0.0012596918551294493
2.902977625528971,0.05396311543625304,0.4719148476918538,0.009995572097179396,3.0,,20000,0.0001,0.98,80000,3,"(1, 2)",True,"{'svm__C': 3.0, 'svm__class_weight': None, 'svm__max_iter': 20000, 'svm__tol': 0.0001, 'vectorizer__max_df': 0.98, 'vectorizer__max_features': 80000, 'vectorizer__min_df': 3, 'vectorizer__ngram_range': (1, 2), 'vectorizer__sublinear_tf': True}",0.7606559228857595,0.7613713382031779,0.7608585145439142,0.7609619252109505,0.00030108148801935217,105,0.9281094972277395,0.9257467217667159,0.9286467354469463,0.9275009848138005,0.0012596918551294493
2.9738875230153403,0.09853569989284142,0.4876430034637451,0.022084638319775054,3.0,,20000,0.0001,0.98,100000,3,"(1, 2)",True,"{'svm__C': 3.0, 'svm__class_weight': None, 'svm__max_iter': 20000, 'svm__tol': 0.0001, 'vectorizer__max_df': 0.98, 'vectorizer__max_features': 100000, 'vectorizer__min_df': 3, 'vectorizer__ngram_range': (1, 2), 'vectorizer__sublinear_tf': True}",0.7606559228857595,0.7613713382031779,0.7608585145439142,0.7609619252109505,0.00030108148801935217,105,0.9281094972277395,0.9257467217667159,0.9286467354469463,0.9275009848138005,0.0012596918551294493
2.9963629245758057,0.05244834415163033,0.4982466697692871,0.03215139241463901,3.0,,20000,0.0001,0.98,120000,3,"(1, 2)",True,"{'svm__C': 3.0, 'svm__class_weight': None, 'svm__max_iter': 20000, 'svm__tol': 0.0001, 'vectorizer__max_df': 0.98, 'vectorizer__max_features': 120000, 'vectorizer__min_df': 3, 'vectorizer__ngram_range': (1, 2), 'vectorizer__sublinear_tf': True}",0.7606559228857595,0.7613713382031779,0.7608585145439142,0.7609619252109505,0.00030108148801935217,105,0.9281094972277395,0.9257467217667159,0.9286467354469463,0.9275009848138005,0.0012596918551294493
5.344520012537639,0.1439107605368342,0.6511626243591309,0.027288880946957614,3.0,,20000,0.0001,0.95,80000,2,"(1, 3)",True,"{'svm__C': 3.0, 'svm__class_weight': None, 'svm__max_iter': 20000, 'svm__tol': 0.0001, 'vectorizer__max_df': 0.95, 'vectorizer__max_features': 80000, 'vectorizer__min_df': 2, 'vectorizer__ngram_range': (1, 3), 'vectorizer__sublinear_tf': True}",0.7617478725807666,0.7607312297612772,0.7600112962439989,0.7608301328620142,0.0007123953541196751,111,0.964040628441792,0.9628451205392023,0.963297311544544,0.9633943535085128,0.0004928641755877785
5.0366512934366865,0.12871916756437946,0.6095829804738363,0.006119582858064937,3.0,,20000,0.0001,0.98,80000,2,"(1, 3)",True,"{'svm__C': 3.0, 'svm__class_weight': None, 'svm__max_iter': 20000, 'svm__tol': 0.0001, 'vectorizer__max_df': 0.98, 'vectorizer__max_features': 80000, 'vectorizer__min_df': 2, 'vectorizer__ngram_range': (1, 3), 'vectorizer__sublinear_tf': True}",0.7617478725807666,0.7607312297612772,0.7600112962439989,0.7608301328620142,0.0007123953541196751,111,0.964040628441792,0.9628451205392023,0.963297311544544,0.9633943535085128,0.0004928641755877785
5.273528893788655,0.4186629584033477,0.6445697148640951,0.03162499651418198,3.0,,20000,0.0001,0.95,80000,3,"(1, 3)",True,"{'svm__C': 3.0, 'svm__class_weight': None, 'svm__max_iter': 20000, 'svm__tol': 0.0001, 'vectorizer__max_df': 0.95, 'vectorizer__max_features': 80000, 'vectorizer__min_df': 3, 'vectorizer__ngram_range': (1, 3), 'vectorizer__sublinear_tf': True}",0.7616913924241283,0.760768883199036,0.7599548150240045,0.7608050302157231,0.0007094153563635785,113,0.9357626304939236,0.9336728450264047,0.9359044355749679,0.935113303698432,0.0010202019602727976
5.319398641586304,0.5186242689183876,0.6297900676727295,0.03071225103739902,3.0,,20000,0.0001,0.95,100000,3,"(1, 3)",True,"{'svm__C': 3.0, 'svm__class_weight': None, 'svm__max_iter': 20000, 'svm__tol': 0.0001, 'vectorizer__max_df': 0.95, 'vectorizer__max_features': 100000, 'vectorizer__min_df': 3, 'vectorizer__ngram_range': (1, 3), 'vectorizer__sublinear_tf': True}",0.7616913924241283,0.760768883199036,0.7599548150240045,0.7608050302157231,0.0007094153563635785,113,0.9357626304939236,0.9336728450264047,0.9359044355749679,0.935113303698432,0.0010202019602727976
5.324850877126058,0.44552735906463287,0.6473196347554525,0.028700692304843883,3.0,,20000,0.0001,0.95,120000,3,"(1, 3)",True,"{'svm__C': 3.0, 'svm__class_weight': None, 'svm__max_iter': 20000, 'svm__tol': 0.0001, 'vectorizer__max_df': 0.95, 'vectorizer__max_features': 120000, 'vectorizer__min_df': 3, 'vectorizer__ngram_range': (1, 3), 'vectorizer__sublinear_tf': True}",0.7616913924241283,0.760768883199036,0.7599548150240045,0.7608050302157231,0.0007094153563635785,113,0.9357626304939236,0.9336728450264047,0.9359044355749679,0.935113303698432,0.0010202019602727976
5.305338382720947,0.3788066794708721,0.6412266890207926,0.0416170661202072,3.0,,20000,0.0001,0.98,80000,3,"(1, 3)",True,"{'svm__C': 3.0, 'svm__class_weight': None, 'svm__max_iter': 20000, 'svm__tol': 0.0001, 'vectorizer__max_df': 0.98, 'vectorizer__max_features': 80000, 'vectorizer__min_df': 3, 'vectorizer__ngram_range': (1, 3), 'vectorizer__sublinear_tf': True}",0.7616913924241283,0.760768883199036,0.7599548150240045,0.7608050302157231,0.0007094153563635785,113,0.9357626304939236,0.9336728450264047,0.9359044355749679,0.935113303698432,0.0010202019602727976
5.176295439402263,0.4432886998299992,0.6372902393341064,0.03743567742971494,3.0,,20000,0.0001,0.98,100000,3,"(1, 3)",True,"{'svm__C': 3.0, 'svm__class_weight': None, 'svm__max_iter': 20000, 'svm__tol': 0.0001, 'vectorizer__max_df': 0.98, 'vectorizer__max_features': 100000, 'vectorizer__min_df': 3, 'vectorizer__ngram_range': (1, 3), 'vectorizer__sublinear_tf': True}",0.7616913924241283,0.760768883199036,0.7599548150240045,0.7608050302157231,0.0007094153563635785,113,0.9357626304939236,0.9336728450264047,0.9359044355749679,0.935113303698432,0.0010202019602727976
5.158947785695394,0.48258503944400594,0.6263647079467773,0.05469550871600296,3.0,,20000,0.0001,0.98,120000,3,"(1, 3)",True,"{'svm__C': 3.0, 'svm__class_weight': None, 'svm__max_iter': 20000, 'svm__tol': 0.0001, 'vectorizer__max_df': 0.98, 'vectorizer__max_features': 120000, 'vectorizer__min_df': 3, 'vectorizer__ngram_range': (1, 3), 'vectorizer__sublinear_tf': True}",0.7616913924241283,0.760768883199036,0.7599548150240045,0.7608050302157231,0.0007094153563635785,113,0.9357626304939236,0.9336728450264047,0.9359044355749679,0.935113303698432,0.0010202019602727976
3.282143990198771,0.1529579004920088,0.5330459276835123,0.026775337384739542,3.0,,20000,0.0001,0.95,80000,2,"(1, 2)",True,"{'svm__C': 3.0, 'svm__class_weight': None, 'svm__max_iter': 20000, 'svm__tol': 0.0001, 'vectorizer__max_df': 0.95, 'vectorizer__max_features': 80000, 'vectorizer__min_df': 2, 'vectorizer__ngram_range': (1, 2), 'vectorizer__sublinear_tf': True}",0.7597522403795467,0.7622561939905114,0.7601242586839876,0.760710897684682,0.0011031938207820224,119,0.9671282394028109,0.9657068087469759,0.9661307327358988,0.9663219269618951,0.0005958370590341256
3.426213582356771,0.03225834918727469,0.49076088269551593,0.004806789426250071,3.0,,20000,0.0001,0.98,80000,2,"(1, 2)",True,"{'svm__C': 3.0, 'svm__class_weight': None, 'svm__max_iter': 20000, 'svm__tol': 0.0001, 'vectorizer__max_df': 0.98, 'vectorizer__max_features': 80000, 'vectorizer__min_df': 2, 'vectorizer__ngram_range': (1, 2), 'vectorizer__sublinear_tf': True}",0.7597522403795467,0.7622561939905114,0.7601242586839876,0.760710897684682,0.0011031938207820224,119,0.9671282394028109,0.9657068087469759,0.9661307327358988,0.9663219269618951,0.0005958370590341256
